no,学年,性別,身長,体重,座高,握力,上体起こし,長座体前屈,反復横跳び,シャトルラン,50ｍ走,立ち幅跳び,ハンドボール投げ
0,高1,男,167.6,56.2,89.8,35,33,55,49,112,7,235,31
1,高1,男,157.1,50.5,85.8,33,29,48,57,70,7.4,205,29
2,高1,男,165.4,61,85.2,34,31,45,54,76,8,237,22
3,高1,男,168,60,91.1,40,31,55,52,76,7.5,225,23
4,高1,男,165.9,49,89.7,37,32,62,56,87,7.8,240,26
5,高1,男,170,61.5,91.2,36,31,48,55,68,8.2,212,28
6,高1,男,168.7,57,92.3,40,42,50,62,102,6.9,240,37
7,高1,男,173.1,57.5,91.7,47,38,47,63,95,7.1,270,28
8,高1,男,168.2,51.5,90.3,33,35,53,60,88,7.2,245,31
9,高1,男,167.3,51,88.6,36,32,55,61,82,7.5,240,31
10,高1,男,166.1,49.9,89.3,34,35,41,51,51,7.7,238,14
11,高1,男,165.6,64.3,87.6,41,30,61,56,106,6.6,245,17
12,高1,男,161.4,52.5,86.7,30,30,40,44,82,7.3,225,18
13,高1,男,164.6,51.8,87.5,39,35,57,57,114,6.5,260,32
14,高1,男,163.5,59,84.5,32,38,50,49,78,8,189,26
15,高1,男,174.6,59,92.5,44,38,68,62,112,6.5,270,28
16,高1,男,160.7,49.5,84.6,35,35,56,60,92,7.4,230,31
17,高1,男,159.8,49,80.3,38,37,64,60,77,7.5,232,29
18,高1,男,161.7,59,89.5,35,35,56,55,108,6.9,235,33
19,高1,男,170.2,67,93.6,41,35,59,59,60,7.3,215,22
20,高1,男,157.8,45,85.3,31,30,58,59,82,7.8,215,31
21,高1,男,160,55.5,87.5,31,30,50,55,79,7.3,195,28
22,高1,男,165,67,91.1,45,25,53,52,80,6.8,255,29
23,高1,男,158.4,57.6,86.6,43,35,48,59,91,7.1,225,24
24,高1,男,170.3,46.9,93,30,27,44,45,79,7.9,180,13
25,高1,男,170,65.5,93,32,29,50,49,83,7.3,218,30
26,高1,男,170.5,53,90.8,35,33,58,50,63,7.6,207,26
27,高1,男,160.5,48.5,83.5,39,35,48,55,102,6.6,230,22
28,高1,男,159.7,71.5,89.6,36,20,65,54,64,7.6,207,17
29,高1,男,173.3,62.5,93.2,38,35,60,64,121,6.6,251,37
30,高1,男,157.4,44.5,85.5,26,30,38,45,79,8.1,217,17
31,高1,男,156.3,43.5,81.5,34,32,59,55,90,7.9,210,30
32,高1,男,166.1,45,86.2,25,31,63,53,74,8.1,220,24
33,高1,男,167,62.7,89,53,30,54,63,88,7.2,250,24
34,高1,男,170.2,56.9,89.9,31,29,51,48,67,8.3,190,20
35,高1,男,173.5,53.1,89.2,32,32,48,54,88,7.3,215,21
36,高1,男,166.9,52,90.2,38,36,53,61,97,6.8,235,27
37,高1,男,170.4,57.5,91.1,41,32,57,60,92,6.8,225,33
38,高1,男,180.7,56.5,96.8,24,25,57,55,92,7.9,208,22
39,高1,男,168.1,47.9,91.1,35,28,65,53,100,7.5,230,23
40,高1,男,157.9,46.5,86.6,25,33,50,43,96,7.8,190,19
41,高1,男,171.4,75,94.3,37,31,57,56,91,7.2,200,29
42,高1,男,169.3,54.5,90.3,35,29,50,51,66,7.9,220,19
43,高1,男,166,53,86.6,33,27,57,56,124,7.5,230,28
44,高1,男,171.9,61,90.7,43,36,68,54,107,7.1,230,29
45,高1,男,169,53.5,90.4,44,39,47,59,107,7.1,230,27
46,高1,男,162.3,49,87.5,30,18,37,45,57,7.4,230,17
47,高1,男,168.8,59.5,90.4,39,36,60,57,94,7.5,230,25
48,高1,男,166.3,55,92.7,39,41,62,60,95,7,253,24
49,高1,男,175.2,62.5,94.4,45,30,73,60,87,7,280,29
50,高1,男,162.4,50,85.8,36,31,43,57,104,7.1,215,27
51,高1,男,168.2,47,90.4,39,35,59,58,116,6.7,220,27
52,高1,男,167.3,47,86.8,24,28,61,58,105,7,219,19
53,高1,男,161,58.5,91.2,33,18,44,54,67,7.2,240,28
54,高1,男,166.3,70.1,91.9,40,35,66,59,101,7.1,225,35
55,高1,男,161.6,54,87.2,32,27,57,53,80,7.9,205,17
56,高1,男,162.7,50,95,45,36,65,60,80,6.6,254,28
57,高1,男,180.5,59,94.8,45,37,60,53,88,6.2,270,31
58,高1,男,173.7,66.5,92.7,48,27,60,56,91,6.7,270,40
59,高1,男,166,54,87,31,33,48,56,100,7.7,210,23
60,高1,男,162.5,52,89.7,25,24,52,51,82,8.1,160,18
61,高1,男,165.7,51,89.5,27,30,44,53,80,7.4,220,17
62,高1,男,171.4,55,92.6,37,35,56,63,72,6.8,245,28
63,高1,男,169.7,60.5,91,37,36,58,60,102,6.7,240,34
64,高1,男,168.1,65,89,40,35,62,55,102,7.2,240,37
65,高1,男,164.7,59,86.8,46,33,56,54,88,7,225,28
66,高1,男,164.7,48,89.2,38,36,56,52,118,7.2,250,23
67,高1,男,173.5,56.5,93.5,39,34,52,54,127,6.6,220,34
68,高1,男,173.5,63,94,40,32,56,53,84,7.3,232,32
69,高1,男,163.1,56,85.2,36,40,55,53,93,7.3,220,31
70,高1,男,173.5,59.5,89.6,38,35,66,64,82,6.9,245,28
71,高1,男,173.6,56,90.4,41,38,67,64,102,7,257,38
72,高1,男,164.8,64.5,91.1,39,34,40,57,92,7.1,215,28
73,高1,男,171.1,57,94.4,31,21,52,53,82,7.4,215,23
74,高1,男,171.5,58.3,93.9,35,37,55,62,85,7.1,232,37
75,高1,男,178.2,67,93.9,42,36,65,60,110,6.7,265,37
76,高1,男,162.2,48.5,84.8,42,37,52,56,115,6.7,220,31
77,高1,男,165.7,50.2,86.5,39,28,39,60,102,7.4,215,20
78,高1,男,161.8,54.9,88.7,46,41,65,63,102,6.9,225,20
79,高1,男,176.4,57,93.2,37,28,51,51,70,7.6,215,22
80,高1,男,163.5,58,89.5,36,31,47,55,75,7.7,193,21
81,高1,男,166.1,50.9,86,35,27,65,63,113,7,219,31
82,高1,男,162.2,50,87.2,36,39,60,60,116,6.9,233,28
83,高1,男,177.7,65,93.2,37,36,55,58,81,7,243,31
84,高1,男,163.1,51.2,89.9,38,23,52,55,88,7.3,204,23
85,高1,男,164,46,85.5,25,27,49,46,70,8.1,203,23
86,高1,男,170.1,67,94.6,54,29,55,50,60,7.5,230,30
87,高1,男,176.9,58.9,92.5,42,47,65,60,125,6.8,251,36
88,高1,男,181.7,70,93.9,55,31,61,63,84,6.9,254,30
89,高1,男,181,61.5,96.5,41,32,64,61,102,7.1,244,35
90,高1,男,162,48,85.6,32,33,50,58,86,7.4,210,26
91,高1,男,173.6,61.5,94.9,43,41,60,63,110,6.7,250,34
92,高1,男,163.4,60.4,90.5,34,36,58,56,95,7.2,210,34
93,高1,男,166.1,52.5,88.5,44,29,48,47,86,7.3,209,15
94,高1,男,174.9,64.5,94.1,45,37,74,66,104,6.8,270,37
95,高1,男,169.2,71,88,45,34,49,59,96,7,210,29
96,高1,男,166,50,89.4,34,29,58,60,118,6.9,250,29
97,高1,男,166.9,68,93.1,43,35,65,57,85,7.4,235,34
98,高1,男,173,84.5,94.2,49,31,60,55,76,7.7,200,32
99,高1,男,162.6,43.5,85.4,30,39,54,55,85,8,220,28
100,高1,男,168.3,56.5,93.6,40,35,66,55,90,7.2,213,34
101,高1,男,161.4,64,87.3,54,43,56,63,110,6.9,221,40
102,高1,男,177.5,66,96.1,52,33,62,53,115,6.6,250,35
103,高1,男,172.8,62.5,91.6,51,33,49,59,82,6.7,233,35
104,高1,男,164.5,61.5,91,41,34,56,56,76,6.7,225,35
105,高1,男,164.6,49,89.5,36,36,50,61,72,7.2,226,30
106,高1,男,167.4,58.5,89.2,43,37,54,61,101,7.1,237,27
107,高1,男,171.1,63,90.5,41,33,64,63,108,7,245,33
108,高1,男,170.3,65.5,92.5,52,40,58,60,95,6.9,220,40
109,高1,男,162.2,55,90.3,44,40,60,57,85,7.4,235,27
110,高1,男,160.3,43,85.4,37,36,58,63,104,6.9,225,31
111,高1,男,167.9,45,89.5,32,26,69,57,91,7.5,233,27
112,高1,男,177,68,91.2,39,39,61,59,90,7.1,230,31
113,高1,男,168,53.5,90.1,35,39,54,63,93,6.8,245,28
114,高1,男,165.3,53,88.6,41,39,61,67,67,7.2,225,36
115,高1,男,165.2,51,89.7,30,36,52,60,103,7.6,190,28
116,高1,男,160.6,57,84.8,43,43,63,60,90,7,240,26
117,高1,男,168.5,52,89.1,36,32,58,58,121,6.3,260,29
118,高1,男,168.7,45.5,88.9,31,22,45,55,78,8.1,214,18
119,高1,男,167.1,49.1,90,39,32,40,56,107,7.1,230,31
120,高1,男,158.2,89.5,90,49,37,62,52,63,8.6,180,23
121,高1,男,165.6,65,85.9,36,32,52,54,72,7.3,230,25
122,高1,男,175.6,51,91.6,36,31,47,41,74,8.6,205,24
123,高1,男,160.5,57,87.2,43,30,58,59,81,6.9,220,23
124,高1,男,165.9,63.2,93.7,41,28,41,49,86,8,206,29
125,高1,男,171,55.5,92.8,39,34,59,60,86,6.8,270,32
126,高1,男,163.7,58,86,42,36,51,58,95,6.9,240,29
127,高1,男,170.2,58,90.3,39,31,40,53,114,7,220,30
128,高1,男,170.2,54.5,93,29,28,40,55,91,7,265,25
129,高1,男,171.7,67,93.5,37,35,60,60,102,6.9,230,29
130,高1,男,164.7,53,85.4,30,37,50,54,63,7.1,220,27
131,高1,男,174.1,67.5,91.3,31,33,41,53,67,8.2,195,21
132,高1,男,169,57,89.5,35,38,68,64,100,7.7,220,26
133,高1,男,179.6,64,93.6,35,29,63,53,86,7.7,217,27
134,高1,男,170,51,89.8,32,40,59,52,94,7.5,211,26
135,高1,男,167.2,50.5,92,32,29,60,60,88,6.5,250,22
136,高2,男,167.7,68,87.7,42,42,65,57,102,7.8,220,31
137,高2,男,147.7,41.6,80.6,31,40,55,61,115,7.5,212,29
138,高2,男,178.6,68.2,98.2,45,36,64,55,85,7.1,240,38
139,高2,男,162.4,64.5,90,38,45,40,55,64,8.1,210,19
140,高2,男,168.4,46.5,94.5,28,30,51,59,73,8,220,14
141,高2,男,173,66.5,89.7,50,46,64,63,113,6.5,250,37
142,高2,男,176.8,82,99.2,34,33,64,57,63,7.9,222,22
143,高2,男,178.1,61,95.2,41,38,67,60,119,7.2,250,39
144,高2,男,177,54,89.4,35,35,57,39,102,7.4,200,31
145,高2,男,163.6,46,89.8,44,39,49,64,107,7.4,230,25
146,高2,男,165.4,48,87,36,33,42,51,102,7,247,28
147,高2,男,162.4,59.5,87.4,35,35,53,55,98,7.2,225,23
148,高2,男,172,53,92.6,44,36,64,56,121,6.7,255,28
149,高2,男,163.7,52.5,91.9,37,31,63,55,86,7.1,233,20
150,高2,男,178,64,96.1,34,30,53,63,102,6.7,257,33
151,高2,男,178,62.2,94.8,48,42,64,70,115,7.1,262,28
152,高2,男,171.1,55.5,93.2,51,38,73,53,105,7.4,237,30
153,高2,男,171,63,93.7,44,35,31,60,113,7.2,230,26
154,高2,男,176.1,64,95.1,49,41,55,63,125,6.3,269,34
155,高2,男,176.7,71,94.8,40,34,63,51,95,8.2,220,30
156,高2,男,169.4,59.5,92.4,39,33,54,51,65,8,220,26
157,高2,男,173,52,88.5,43,37,69,66,65,6.7,270,34
158,高2,男,176.5,54,94.3,34,36,51,60,88,7,200,24
159,高2,男,177.3,65,93.2,43,35,72,60,104,6.7,254,32
160,高2,男,169,55.5,90.4,56,37,58,63,102,7,270,32
161,高2,男,169,65,91.9,42,36,54,64,100,7.1,225,28
162,高2,男,174.6,56,93.3,45,44,54,65,102,7.1,255,32
163,高2,男,169.7,50,86.3,37,30,42,53,99,7.6,225,23
164,高2,男,174.4,77,92.4,48,31,38,55,65,8.1,165,21
165,高2,男,178.6,72,99.6,45,42,64,57,104,7.1,250,42
166,高2,男,182,60,96.8,29,34,55,58,93,7.9,221,26
167,高2,男,159.3,53,87.8,35,40,66,62,103,7.7,205,26
168,高2,男,179.4,71.5,97.3,31,36,59,56,102,7.4,230,32
169,高2,男,164.5,57.5,93.8,41,36,59,60,76,6.9,238,28
170,高2,男,183,68.5,99.3,45,39,54,61,103,6.9,240,40
171,高2,男,161,54,87,44,45,56,61,110,6.1,265,28
172,高2,男,171,48,91.6,34,28,50,57,84,7.5,221,23
173,高2,男,173.3,74,91.4,48,35,60,60,106,7.2,223,32
174,高2,男,172,59,89.6,37,39,49,54,103,7.3,217,29
175,高2,男,168.5,57.5,90.4,45,44,50,60,114,6.5,240,28
176,高2,男,169.9,57.6,90.2,43,35,50,55,76,8.7,224,34
177,高2,男,168.4,59.5,87.7,43,46,67,62,103,6.8,245,36
178,高2,男,168.3,50.1,91.3,29,31,60,56,93,7.4,220,29
179,高2,男,176,52,94.7,28,27,50,53,73,8,205,23
180,高2,男,176.1,73.6,95.8,52,33,65,59,106,7.3,230,33
181,高2,男,173.3,59,92.4,41,26,52,62,66,7.4,229,20
182,高2,男,170.5,65.5,87.4,54,40,69,60,86,6.9,255,38
183,高2,男,176.2,59.5,93,31,24,30,53,75,7.8,200,20
184,高2,男,173.5,66,91.2,46,45,65,53,86,7.1,245,35
185,高2,男,169.4,64,94.4,36,38,51,55,115,6.7,213,28
186,高2,男,158.8,72.5,88.2,46,30,58,53,68,7.6,215,18
187,高2,男,172.2,65.5,92.9,35,25,27,58,69,7.8,215,25
188,高2,男,168.8,47,89.7,28,40,47,57,72,7.9,205,17
189,高2,男,168.1,59.5,91.5,38,31,57,57,113,7.5,203,25
190,高2,男,171.5,71.5,96.7,45,36,71,61,98,7,231,25
191,高2,男,163.4,57,90.5,32,30,53,53,96,7.5,208,33
192,高2,男,169,58,92.6,33,41,54,57,91,7.1,229,26
193,高2,男,169.2,51.5,89.6,35,34,59,52,87,7.6,220,36
194,高2,男,164.8,54,88.6,35,33,63,56,102,7.6,230,36
195,高2,男,163.5,58,88.9,52,41,67,60,103,6.4,250,41
196,高2,男,169,54,91.2,40,50,68,63,105,6.7,243,32
197,高2,男,174.3,65,89,53,40,59,61,102,7.1,245,28
198,高2,男,177.5,58,94.3,35,35,59,55,119,7,220,32
199,高2,男,178.2,59.2,96.2,33,29,54,62,95,7.4,223,29
200,高2,男,159.5,53,86.1,39,33,50,56,82,7.6,211,22
201,高2,男,143.7,30,74.9,23,33,51,54,114,8.1,200,21
202,高2,男,167.4,61,91.2,36,30,44,58,103,7.5,232,31
203,高2,男,167.3,50,90.4,29,37,53,61,102,7.7,239,27
204,高2,男,162.1,56,89.9,33,31,40,58,102,6.9,232,27
205,高2,男,172,53.5,89.8,28,23,49,58,91,7.4,200,25
206,高2,男,165,51.5,90.7,30,21,46,56,63,7.8,223,23
207,高2,男,176.8,66,92.6,41,39,43,63,76,6.9,258,35
208,高2,男,163,53,84.3,28,40,58,65,132,7.6,230,23
209,高2,男,165,63,93,43,40,45,50,76,7.7,195,27
210,高2,男,158.8,57.5,88.9,45,39,52,64,113,6.7,220,27
211,高2,男,166.8,57.5,91.3,33,27,44,58,102,7.2,220,28
212,高2,男,165.4,52,87.8,33,36,55,64,115,7,250,31
213,高2,男,176.3,62,96.4,30,34,83,63,104,7.5,250,31
214,高2,男,178.7,59.5,92.9,26,33,53,68,102,7.5,210,32
215,高2,男,158.4,53,85.7,35,41,47,58,90,7.8,220,26
216,高2,男,162.3,45,84.1,38,33,57,58,100,7,205,26
217,高2,男,170,56.5,87.6,43,37,53,65,102,6.6,254,34
218,高2,男,164,53,88.1,37,39,51,59,112,7.7,220,27
219,高2,男,167.7,57,89.5,36,35,65,57,126,7.1,250,27
220,高2,男,168.3,59.5,88.8,45,36,65,62,113,6.5,260,38
221,高2,男,166,65,90.4,50,37,53,60,90,7,225,37
222,高2,男,169.8,66,89.8,50,35,52,63,76,7.3,230,31
223,高2,男,164,55.5,86.8,40,27,57,61,85,7.3,221,24
224,高2,男,175.4,56,91.8,30,39,73,46,101,6.9,155,32
225,高2,男,159,50.5,89.4,31,33,66,53,93,8,200,23
226,高2,男,171.7,55,90.5,43,33,71,73,122,6.9,230,37
227,高2,男,172.5,54,92.6,38,30,55,60,92,7.1,250,25
228,高2,男,169,59,90.8,55,39,68,70,135,6.3,280,35
229,高2,男,165.4,66.5,90.4,55,42,67,64,106,6.9,256,42
230,高2,男,167,55,94.3,43,34,58,63,83,7.4,220,24
231,高2,男,168,54,90.9,40,33,49,62,92,7.7,213,31
232,高2,男,166.2,51.5,89.3,37,36,64,55,77,7.5,231,26
233,高2,男,165,51.5,88.3,28,38,49,54,75,7.2,190,15
234,高2,男,168.8,54.5,90.5,43,49,65,63,132,6.6,254,34
235,高2,男,167.4,52.5,88.2,31,33,44,60,83,7.3,220,26
236,高2,男,168.6,57,92.2,37,28,50,52,100,7.3,215,26
237,高2,男,173.6,51,92.4,29,26,35,51,220,7.9,220,20
238,高2,男,174.6,64,93.1,48,41,52,64,126,7,265,37
239,高2,男,162,55,85.5,25,30,41,53,95,7.4,212,23
240,高2,男,170,60,91.1,42,40,52,55,107,7.1,238,21
241,高2,男,175.4,55,93.6,41,38,64,63,96,7.1,256,29
242,高2,男,163.6,65.5,88.5,40,30,41,52,77,8,195,23
243,高2,男,170.5,63,90.1,37,30,48,60,104,7.1,223,24
244,高2,男,169.9,56.5,93.2,43,39,63,63,102,7.1,212,28
245,高2,男,170.1,60.5,92,43,41,64,65,103,7.3,220,35
246,高2,男,163.7,50.5,87.6,34,28,66,58,97,7.4,230,24
247,高2,男,178,59.5,95.3,36,29,47,58,87,7.7,210,19
248,高2,男,158.4,55,85.8,42,42,51,64,140,7.1,205,30
249,高2,男,164,51,89,29,25,51,55,58,8.6,188,12
250,高2,男,163.8,56,93,45,36,46,64,99,9.8,230,37
251,高2,男,166.2,57.5,91.7,32,38,48,61,113,7.2,197,31
252,高2,男,184.6,71,96.4,42,27,39,54,76,8,217,21
253,高2,男,175.6,66,93,46,47,60,64,139,6.7,252,34
254,高2,男,173,55,92,41,39,61,58,104,6.8,256,31
255,高2,男,177.4,67,93.4,54,43,69,63,96,6.8,265,32
256,高2,男,163.7,57.5,89.8,41,35,65,58,90,7.5,235,27
257,高2,男,167.2,52.2,90,40,24,41,53,104,6.6,210,25
258,高2,男,163.5,54.5,87.7,37,35,54,57,105,7.3,218,19
259,高2,男,160,46,83.5,34,43,70,65,133,7.3,240,28
260,高2,男,167.5,72,92.2,55,54,67,64,104,6.5,263,32
261,高2,男,166.5,52,89.7,35,33,47,60,89,7.6,240,25
262,高2,男,171.5,52,92.3,40,38,53,64,121,6.7,220,30
263,高2,男,182.8,72.5,95.5,48,35,73,58,116,6.7,256,43
264,高2,男,171.8,58.5,93.3,39,37,67,61,125,7,263,32
265,高2,男,170.5,65,93.3,40,36,64,58,110,6.8,250,32
266,高2,男,179.5,65.5,94.8,50,36,64,57,114,7,255,28
267,高2,男,165.1,59,91,40,39,70,63,90,7.5,260,37
268,高2,男,166.6,57,89.9,35,37,68,57,86,6.9,241,24
269,高2,男,163.2,67,92,38,34,67,62,94,7.5,237,26
270,高2,男,173.9,60,91,49,37,59,60,100,6.8,250,43
271,高2,男,162.5,52,89.5,33,30,30,47,52,8.1,205,19
272,高2,男,170.5,59,91.1,45,35,45,62,121,6.7,251,29
273,高2,男,166.2,65,91,41,35,62,61,98,7.2,234,34
274,高2,男,179,86,96.7,52,24,65,50,74,7.9,230,34
275,高3,男,164.4,54,87.3,40,32,45,57,104,7.2,220,22
276,高3,男,172,65,91.2,44,38,60,60,108,6.8,235,39
277,高3,男,167.7,70,89.5,57,36,65,61,108,7,223,32
278,高3,男,169.3,69,92.8,41,38,63,56,90,7.8,240,33
279,高3,男,180.2,62,96.5,40,40,60,60,113,6.8,254,33
280,高3,男,176.2,70,94,50,41,62,63,125,6.9,236,36
281,高3,男,158.4,52,83.4,34,32,52,60,114,6.9,225,25
282,高3,男,180.2,75,94,51,35,65,61,64,7.9,255,34
283,高3,男,169.8,73.5,88.2,53,41,64,61,90,7.1,254,34
284,高3,男,177,76,93,42,30,53,61,70,7.3,254,33
285,高3,男,166.6,56,90.8,36,31,53,44,77,8.1,220,20
286,高3,男,169,50,90.7,35,39,65,58,91,6.6,275,27
287,高3,男,180.5,80,95,48,30,64,44,90,7.3,237,32
288,高3,男,173.8,65,90.7,40,36,53,61,132,6.8,232,34
289,高3,男,163.7,56,84.1,44,35,66,59,102,6.9,255,35
290,高3,男,169.6,54,91.9,49,33,53,56,113,7.6,250,24
291,高3,男,178.2,58,95.7,31,34,60,65,99,7.5,265,21
292,高3,男,180.6,67,98.7,37,33,64,64,113,7.7,250,20
293,高3,男,162,50,86.7,37,40,55,65,100,7.3,235,27
294,高3,男,165.5,56,88.9,39,47,59,68,117,6.9,247,28
295,高3,男,167.4,55,92.6,31,31,58,64,115,7.1,230,24
296,高3,男,169.6,70.5,91.7,31,25,68,51,65,7.9,220,21
297,高3,男,175.3,84,93.5,40,37,64,62,76,7.4,242,39
298,高3,男,164,57.5,91.5,55,44,72,64,116,6.3,265,34
299,高3,男,172,66.5,91.8,36,44,66,66,115,7,241,25
300,高3,男,166.5,62,90.1,49,36,60,56,107,7,255,25
301,高3,男,173.9,55,93.2,51,39,57,63,114,6.9,247,25
302,高3,男,177.5,56,95,36,41,68,56,103,7.2,235,23
303,高3,男,179.2,65,94.3,52,39,66,61,36,6.6,264,33
304,高3,男,172.7,63.5,92.3,45,41,58,66,96,6.7,265,39
305,高3,男,165.8,62,88.4,43,36,60,53,90,7.2,255,31
306,高3,男,177.7,72,96.4,52,37,66,64,92,6.6,255,33
307,高3,男,169.5,58.5,87,48,39,66,66,77,6.4,266,27
308,高3,男,173.7,60.1,89.3,33,43,71,64,96,7,260,33
309,高3,男,170.5,62.5,94.8,48,42,67,65,90,6.9,268,24
310,高3,男,166.3,56.5,90,36,38,59,63,103,7.7,255,33
311,高3,男,164.8,56.5,90.1,40,32,60,52,52,7.9,233,22
312,高3,男,179.1,58.5,91.3,43,37,65,63,108,6.9,260,36
313,高3,男,164.7,62.5,85.7,60,41,66,63,113,6.3,282,34
314,高3,男,172.6,49.5,90.5,46,33,64,63,76,7.7,242,22
315,高3,男,160.8,48,83.7,47,39,61,56,102,7.1,260,26
316,高3,男,171.5,58,90.5,43,37,50,56,92,7.4,230,35
317,高3,男,176.7,56,96.2,30,32,64,56,98,6.8,255,27
318,高3,男,160.5,52.5,86.2,44,49,56,63,102,6.7,255,28
319,高3,男,161.9,69.5,88,55,29,59,54,77,6.8,280,35
320,高3,男,167.1,61,88.4,51,37,60,63,119,6.5,256,37
321,高3,男,160.3,58,85,52,37,54,59,102,6.6,235,31
322,高3,男,165.1,55,91.5,40,36,44,59,90,7.1,230,24
323,高3,男,168.7,70.5,92.7,46,41,57,47,71,7.4,215,37
324,高3,男,165.9,57,90.7,37,41,66,59,132,6.7,230,30
325,高3,男,165.3,69.5,89.5,38,29,54,57,80,7.2,242,32
326,高3,男,171.8,55,90.8,32,32,64,54,90,7,233,21
327,高3,男,173.6,57,95.8,39,28,45,53,76,7.4,243,31
328,高3,男,173.8,76,95,44,28,69,54,66,7.7,225,24
329,高3,男,169.4,49.5,89.7,48,32,51,53,77,6.9,232,20
330,高3,男,177.3,64,94.6,40,37,56,55,64,7.7,243,22
331,高3,男,170.8,56,92.4,43,37,58,64,130,6.7,245,32
332,高3,男,186.7,69.5,96.3,48,40,63,60,100,6.6,263,38
333,高3,男,173.7,71,94,39,34,61,53,78,7.3,240,26
334,高3,男,174.6,65.5,89.3,55,39,64,60,145,6.5,275,40
335,高3,男,170.1,61,91.5,45,36,64,60,78,7,255,30
336,高3,男,183.9,76,99.1,39,38,66,63,92,7.2,255,33
337,高3,男,165.7,61,90.1,32,36,57,52,77,7.5,225,20
338,高3,男,172,73,88.5,52,37,65,56,102,7.3,231,40
339,高3,男,172.6,59.5,90.6,47,39,65,63,131,6.4,270,38
340,高3,男,174.9,60.5,92.3,45,36,62,57,73,7.5,247,32
341,高3,男,165.4,69,90,46,37,66,54,76,6.9,275,37
342,高3,男,170.5,59.5,87.6,40,38,65,61,117,6.5,260,36
343,高3,男,166,59,88.4,41,29,43,57,80,7.5,226,26
344,高3,男,170.1,70,90.2,45,37,53,56,76,7.2,255,31
345,高3,男,160,53.5,87.6,48,40,61,58,120,7.1,249,31
346,高3,男,173,57.5,93.5,36,38,64,57,113,6.7,255,25
347,高3,男,170.2,55.5,92.4,43,38,63,59,74,7,270,31
348,高3,男,172.6,67,93.4,48,39,49,58,92,7,267,32
349,高3,男,168,61.5,89.9,48,44,59,58,110,7.2,245,29
350,高3,男,170,63,95,43,36,45,55,102,6.6,267,37
351,高3,男,176.5,69.1,94.3,49,48,58,65,138,6.6,265,37
352,高3,男,173.6,63.3,92.5,45,37,64,60,103,6.9,257,33
353,高3,男,163,63.3,91.2,41,42,55,64,103,7.2,233,26
354,高3,男,162.5,53.5,88.2,47,43,64,54,94,6.6,245,28
355,高3,男,174.2,60,93.1,45,36,59,66,102,6.7,260,36
356,高3,男,181,63.4,95.5,40,29,50,51,63,7.9,225,19
357,高3,男,167.5,61,92.3,44,32,55,51,96,7.4,190,18
358,高3,男,168.4,58.9,93.3,54,45,51,62,102,7.3,249,31
359,高3,男,178.3,59.4,94.7,33,41,65,56,120,7.2,265,33
360,高3,男,168.4,58.5,86.8,32,36,67,60,90,7.9,208,26
361,高3,男,178.7,77,93.6,49,40,71,67,119,6.5,275,34
362,高3,男,181.5,80.5,98.4,44,35,68,49,63,8.3,235,30
363,高3,男,169.8,69.1,93,45,31,50,51,87,7.6,207,28
364,高3,男,176.6,56.3,92.4,39,28,71,43,78,7.9,167,14
365,高3,男,169.3,54.5,91.1,36,36,66,51,39,6.9,251,24
366,高3,男,172.3,62.5,91.8,41,38,51,60,114,7.1,241,41
367,高3,男,177.4,57,97.5,34,37,45,62,113,6.8,271,32
368,高3,男,177,65.5,96.5,40,31,65,58,126,6.5,240,39
369,高3,男,167.5,56.8,91.1,37,37,56,61,105,7,217,25
370,高3,男,172.4,62.5,91.3,33,41,54,60,104,6.7,237,28
371,高3,男,170.4,59.5,91.7,42,38,63,58,108,6.8,301,27
372,高3,男,170.4,55.5,90,29,30,35,59,100,7.7,210,32
373,高3,男,179.1,63.5,95.8,47,38,62,26,125,9.3,280,39
374,高3,男,162.5,61.8,89.3,39,44,61,63,92,7,245,32
375,高3,男,174.3,76.5,92,45,36,55,55,56,7.1,238,30
376,高3,男,177.2,59.5,93,32,38,66,67,90,7.1,270,28
377,高3,男,174.4,68,94,47,40,64,63,97,7,268,32
378,高3,男,169.1,59.5,90.2,43,52,72,77,130,6.2,270,32
379,高3,男,162.3,54.5,88.1,41,48,59,66,125,6.6,255,26
380,高3,男,170.5,61,93.5,39,39,49,63,51,6.6,270,32
381,高3,男,171.2,71.5,95.5,45,29,50,55,55,7.2,240,31
382,高3,男,183,72.5,101.4,46,38,65,65,76,6.8,278,26
383,高3,男,168.8,50.5,95.3,41,42,65,64,90,6.4,285,30
384,高3,男,166.2,56,90.4,32,40,65,58,125,7,226,31
385,高3,男,176,63,94.3,49,39,64,60,103,6.5,275,31
386,高3,男,171,60,92.2,40,40,64,60,115,7.1,255,31
387,高3,男,168.6,56.5,92,38,28,59,59,118,7.4,260,32
388,高3,男,179,76,94,41,39,79,64,102,7.2,265,40
389,高3,男,162.4,51,88.2,38,42,53,63,113,7,246,25
390,高3,男,168.3,55,91,47,32,63,61,90,6.9,270,38
391,高3,男,168.1,67,91.4,52,33,62,54,76,7,260,26
392,高3,男,164.8,62.5,87.4,48,37,54,64,125,6.3,260,34
393,高3,男,171.4,66,93.8,45,36,50,57,125,6.6,259,34
394,高3,男,166.8,60,90.2,48,33,61,64,102,7,253,28
395,高3,男,174.7,50,92.5,32,24,63,59,76,7.7,218,27
396,高3,男,170,65.5,90.7,56,40,64,64,1,6.5,266,38
397,高3,男,172.1,66,92.8,44,40,69,64,125,6.8,260,33
398,高3,男,164.5,57.5,89.7,41,40,53,61,114,6.6,260,32
399,高3,男,170.2,58.5,86.7,30,36,70,60,151,6.6,255,24
400,高3,男,177.6,58.5,97.8,39,35,58,55,78,7.2,265,23
401,高3,男,166.1,66,92.8,38,36,65,58,87,7.4,225,22
402,高3,男,166.8,56,91,44,45,57,60,107,6.8,278,25
403,高3,男,167.3,58,88.7,39,40,65,63,104,6.6,270,35
404,高3,男,169,65.5,94,37,32,45,56,64,7.4,195,25
405,高3,男,162.6,55,87,36,41,55,56,76,7.4,230,27
406,高3,男,173.2,55,92.2,57,40,79,48,63,8.1,220,23
407,高1,女,165.3,58.3,92.4,46,45,66,64,76,6.3,251,35
408,高1,女,174,59,95.8,46,47,66,53,102,6.1,258,27
409,高1,女,167.6,59,91.8,48,39,54,63,104,6.6,240,38
410,高1,女,153.6,44.7,85.8,27,40,54,52,65,7.7,200,22
411,高1,女,162.5,55.1,87.4,30,30,52,53,89,7.8,186,23
412,高1,女,159.6,61,88.2,24,29,46,48,45,8.8,130,14
413,高1,女,158.6,57.9,88.7,26,30,45,47,47,8.9,186,15
414,高1,女,155.7,51.5,83.6,21,29,58,50,37,9.3,194,13
415,高1,女,149.1,49.7,80.7,20,23,49,43,42,8.8,160,9
416,高1,女,155.1,42.4,83,29,32,64,49,54,7.4,158,13
417,高1,女,158,53.1,86.4,24,28,66,50,47,8.3,171,20
418,高1,女,152.2,44.5,82.3,29,33,65,50,47,7.8,200,14
419,高1,女,152,49.6,80.9,29,34,49,49,37,8,168,17
420,高1,女,159.3,58.1,87.2,24,23,54,49,47,8.8,140,11
421,高1,女,154.1,48.8,86,24,27,60,47,46,8.4,154,14
422,高1,女,156,48.3,86.5,23,32,56,50,54,8.6,191,18
423,高1,女,155.1,46.6,82.8,25,23,35,49,52,8.7,158,13
424,高1,女,145.4,35.1,77.9,24,30,55,53,61,8.1,189,12
425,高1,女,157.5,52.6,87.7,16,28,48,45,56,8.9,155,10
426,高1,女,148.1,40.8,79.4,31,29,57,48,69,7.9,188,11
427,高1,女,161.1,46.2,87.2,23,28,55,47,45,8.5,173,11
428,高1,女,153.1,49.8,84.9,24,29,55,53,54,8,190,16
429,高1,女,156,51,82.8,29,32,55,53,67,8.6,187,18
430,高1,女,156.4,57.5,86,30,27,58,45,64,8.8,174,14
431,高1,女,160,47.1,80.4,25,35,65,51,94,7.8,205,19
432,高1,女,156,58.4,85.4,26,26,44,45,42,9.4,155,11
433,高1,女,151,43.2,85.1,15,20,45,40,43,10.3,150,8
434,高1,女,156.1,50.8,84.9,25,33,67,58,86,8.1,200,21
435,高1,女,159.4,50,86.5,22,16,45,43,56,9.2,163,10
436,高1,女,163,52.4,86.3,28,23,57,43,57,8.9,158,9
437,高1,女,157.5,49.1,86.6,24,26,57,49,50,8.5,164,13
438,高1,女,150.3,39.2,78.2,22,28,35,41,33,8.9,180,16
439,高1,女,158.5,62,83.5,25,19,48,43,15,9.5,170,18
440,高1,女,156.5,56.7,86.7,32,25,49,41,45,8.7,168,13
441,高1,女,158,47.7,89,28,18,60,47,41,8.7,160,8
442,高1,女,156,56.7,85.9,24,22,46,43,36,9.3,168,10
443,高1,女,158.5,58.1,88.9,28,30,52,50,56,8.8,157,13
444,高1,女,160.3,67.9,88.8,29,22,47,47,25,8.7,170,13
445,高1,女,157.2,56.3,80.7,25,28,60,47,45,9,162,24
446,高1,女,155.5,47,81.8,25,29,69,50,68,8.2,195,18
447,高1,女,159.6,50,88.8,32,22,36,44,42,8.9,157,12
448,高1,女,158,76.1,88,27,22,45,41,42,10.3,145,11
449,高1,女,155.3,56.5,82.7,23,29,53,44,53,8.9,170,12
450,高1,女,155.2,52.2,85.7,24,17,47,42,42,9.3,162,17
451,高1,女,159.8,47.2,85.3,26,25,41,43,37,9.2,186,15
452,高1,女,156.3,43.4,85.2,25,21,44,44,44,8.9,165,20
453,高1,女,158.6,49.1,85.8,23,17,40,43,46,9.3,170,12
454,高1,女,154.9,50.9,83.9,21,28,51,43,37,9.3,133,15
455,高1,女,159.4,49.4,88.3,28,15,50,40,42,9.7,142,14
456,高1,女,148.3,40.4,80,18,25,36,33,15,9.3,148,10
457,高1,女,158.8,48.9,85.8,25,28,52,50,36,8.6,156,15
458,高1,女,153.8,46.6,83.1,25,23,45,49,55,8.5,147,12
459,高1,女,154.2,48.1,85.6,24,25,46,55,91,7.9,205,18
460,高1,女,138.8,49.1,78,24,22,37,40,25,10.1,135,11
461,高1,女,156.1,53.3,83.9,21,24,37,43,32,9.7,137,12
462,高1,女,158.2,52.2,86.8,31,29,63,41,78,8,206,20
463,高1,女,161.8,53.6,85.4,32,28,67,49,56,8.5,203,15
464,高1,女,157.8,52,88.6,28,19,44,43,38,9.8,136,11
465,高1,女,157.7,51.7,87.8,25,17,52,45,53,8.4,195,14
466,高1,女,156.7,52.8,85.3,36,30,51,55,65,7.9,198,20
467,高1,女,151,46.5,82.4,18,20,42,41,43,9.2,193,16
468,高1,女,152.6,43.6,81.3,24,23,43,46,50,9.4,158,12
469,高1,女,157.6,46.4,87.5,19,26,43,44,52,8.5,194,12
470,高1,女,166.5,68.3,88.6,29,23,50,55,41,8.4,195,15
471,高1,女,159.5,46.3,89.5,26,15,50,48,35,9.4,174,12
472,高1,女,156,53.8,84.3,25,28,62,41,40,9.2,170,14
473,高1,女,162.2,49.1,90.1,24,17,52,46,44,9.3,198,10
474,高1,女,159.4,45.8,84.1,18,17,47,47,67,8.7,157,14
475,高1,女,161.1,50.6,86.8,33,31,59,53,95,6.9,233,25
476,高1,女,156,49.1,87.9,22,26,32,44,46,8.5,164,12
477,高1,女,152.1,35.6,82,25,19,36,45,54,9,152,13
478,高1,女,160.8,39.9,84.1,24,25,58,46,64,8.9,171,22
479,高1,女,153.8,52.5,82.6,23,22,63,42,44,9.2,168,13
480,高1,女,150.6,36.7,80.6,21,21,40,42,53,8.9,175,12
481,高1,女,162,51.7,84.6,25,23,55,48,76,7.9,208,17
482,高1,女,158.2,50.5,84.7,27,30,53,53,63,7.5,192,13
483,高1,女,159.6,56.7,86.5,30,32,56,67,54,8.5,192,19
484,高1,女,161.6,48.6,86.1,36,32,60,47,93,7.1,210,16
485,高1,女,152,44.1,84.4,24,22,52,50,62,8.1,158,15
486,高1,女,158.8,60.6,86.6,30,21,31,40,25,9.3,106,12
487,高1,女,148.6,48.3,80.3,24,26,56,39,36,8.9,155,9
488,高1,女,147,41,80.4,18,29,52,43,40,9.1,167,17
489,高1,女,162.8,49.7,87.3,23,26,41,44,67,8.3,180,14
490,高1,女,153,42,81.6,23,28,39,48,69,8.1,150,13
491,高1,女,162.6,63.4,89,12,13,51,33,35,10.2,135,13
492,高1,女,156.4,45.5,86.4,25,21,55,45,77,8.1,194,16
493,高1,女,152,51,81.7,30,29,39,54,80,8.2,188,13
494,高1,女,164.2,53.8,87.3,27,24,33,53,65,8,192,15
495,高1,女,162.2,52.5,86.6,36,30,46,50,61,7.6,200,24
496,高1,女,147.1,42.1,81.1,20,20,53,40,56,8.2,186,10
497,高1,女,160.2,52.8,84.8,24,35,63,55,76,8.4,196,18
498,高1,女,160.1,54.7,89.3,24,24,42,47,44,8.5,181,21
499,高1,女,167.6,90.8,93.2,31,18,62,40,20,9.2,162,15
500,高1,女,153,51.9,82.8,20,21,34,35,20,8.08,130,17
501,高1,女,173.6,46.9,95.3,27,23,46,51,52,8,210,14
502,高1,女,154.4,49.8,82.8,32,29,63,49,82,8.3,210,19
503,高1,女,143.6,43.8,78.6,22,35,50,51,54,8.4,195,15
504,高1,女,162.2,48,86.3,30,28,57,50,52,8.3,200,19
505,高1,女,154.2,56.3,83.3,34,28,51,47,55,8.4,197,18
506,高1,女,153,83.6,86.6,37,17,61,44,25,9.1,135,14
507,高1,女,153.6,44.5,82.8,22,34,50,49,50,8.4,184,12
508,高1,女,157,48.7,85,28,28,40,47,54,7.7,210,18
509,高1,女,156.8,51.6,84.8,25,27,43,50,45,9.1,170,13
510,高1,女,156.6,52.8,85.1,22,21,40,41,33,9.8,135,12
511,高1,女,165.2,58.4,90.5,32,25,49,50,65,8.3,165,23
512,高1,女,155.6,44.3,85,17,8,56,41,22,9.9,135,11
513,高1,女,155.2,41.3,81.5,21,26,55,43,54,8.2,210,15
514,高1,女,148.8,46.1,84.5,27,26,45,42,52,7.9,152,15
515,高1,女,152.5,37.8,79.6,24,35,38,46,58,7.4,180,11
516,高1,女,164.6,51.1,90.2,28,32,49,48,41,9,184,13
517,高1,女,158,67.9,85,30,32,60,50,41,9.3,180,18
518,高1,女,152.7,45.2,83,28,33,64,51,47,7.7,170,21
519,高1,女,150,38.5,84.1,22,26,59,46,49,9.1,150,11
520,高1,女,151,43.4,82.8,21,21,36,41,41,8.8,153,11
521,高1,女,156.2,63.7,84.7,23,28,45,43,39,10.3,135,9
522,高1,女,150,43.9,81.9,22,32,55,45,58,8.8,185,12
523,高1,女,153.5,45.5,82.5,34,28,46,45,59,8.2,160,11
524,高1,女,160,47.2,87.5,32,27,39,45,45,7.7,189,16
525,高1,女,161.1,69.6,87.8,32,21,54,53,37,8.6,194,13
526,高1,女,153.6,45.1,83.1,27,29,37,46,69,8.2,180,16
527,高1,女,159.2,54.9,84.4,30,35,70,60,80,7.4,205,22
528,高1,女,154,46.9,82.6,27,23,55,57,95,7.3,202,17
529,高1,女,153,47.7,81.8,26,17,26,47,41,8.4,181,16
530,高1,女,146,43.8,81.2,29,27,49,47,61,8.2,140,15
531,高1,女,149.7,41.5,80.4,26,25,50,47,66,7.7,160,14
532,高1,女,164,69,91.3,30,23,65,49,54,8.9,174,20
533,高1,女,166.8,58.9,87.8,27,31,65,47,62,8.2,200,20
534,高1,女,158.1,59.9,86.3,25,18,50,42,37,9.3,141,15
535,高1,女,155.6,45.9,83.4,28,26,40,44,63,8.44,155,16
536,高1,女,160,48,86,21,21,43,45,61,8.4,180,17
537,高1,女,157.8,53,84.4,25,31,47,46,58,8.5,157,11
538,高1,女,160.7,55.8,86.9,33,20,41,46,46,7.9,185,15
539,高1,女,164.6,61,87.7,24,27,56,49,47,8.2,141,21
540,高1,女,152.5,51.8,83,29,35,51,51,65,7.5,212,18
541,高1,女,148,43.3,80.3,20,25,49,37,40,9.8,150,11
542,高1,女,159.5,57,88.1,27,25,48,48,50,8.9,190,17
543,高1,女,165,56.1,89.5,27,32,40,44,64,8.6,173,14
544,高1,女,159.4,62.8,85.5,28,22,53,46,49,9.2,168,17
545,高1,女,163.1,52.8,87.8,24,31,47,51,59,7.9,200,15
546,高1,女,149.5,41.7,79.7,24,22,65,50,36,9.3,175,13
547,高1,女,159.7,50.2,91.5,30,33,60,50,69,7.7,201,25
548,高1,女,159.6,42,84.8,22,21,47,47,73,8.3,175,16
549,高1,女,157.1,51.8,86,28,29,61,48,64,8.8,150,13
550,高1,女,157.3,51,85.1,30,29,53,53,73,7.8,178,15
551,高1,女,166.2,55.9,92.3,34,32,54,54,58,8.5,190,19
552,高1,女,157,52.4,84.6,29,29,64,55,65,8.8,184,23
553,高1,女,161.3,53.4,87,29,26,61,45,44,8.3,150,11
554,高1,女,148,44.1,79.6,27,27,56,53,65,7.6,183,16
555,高1,女,157.6,45.7,83.8,24,30,65,54,77,8,210,16
556,高1,女,151.1,51.5,81,20,28,44,49,58,8.2,171,15
557,高1,女,150.5,43.1,81.5,24,20,60,50,54,9.1,175,19
558,高1,女,160.5,51.1,84.9,34,32,55,53,60,8.7,210,18
559,高1,女,159.5,60.6,90.5,30,20,45,45,51,8.5,163,11
560,高1,女,160.2,50.9,83.8,26,21,47,42,39,9.5,175,13
561,高1,女,152,59.6,80.8,28,20,36,46,42,9.2,150,12
562,高1,女,159.2,54.8,88.2,28,23,45,40,35,9.5,157,10
563,高1,女,159.7,48.9,85.6,21,16,50,42,35,9.5,163,12
564,高1,女,147.8,41.8,81.8,18,20,55,42,50,8.2,155,11
565,高1,女,147,59.8,83.6,23,12,54,41,28,10.2,150,11
566,高1,女,166,57.8,89,24,24,51,42,44,9,170,13
567,高1,女,157,43.3,85,19,26,58,46,44,8.8,190,13
568,高1,女,170.5,72.2,91.6,23,19,35,44,35,9.6,160,15
569,高1,女,160.2,47.4,88.7,20,19,50,38,39,8.7,168,11
570,高1,女,157.2,49.9,82.8,28,32,56,48,64,7.5,204,18
571,高1,女,159.8,52.1,87.5,28,25,49,50,61,8.1,180,12
572,高1,女,158.3,37.2,83.6,17,20,30,36,41,9.5,161,13
573,高1,女,147,40.7,80.4,18,22,43,37,37,9.6,155,10
574,高1,女,156.2,54,87.1,31,33,51,37,37,9.1,175,19
575,高1,女,154,49.5,82.9,21,22,42,43,49,8.9,152,16
576,高1,女,167.2,60.6,85.6,34,33,55,53,83,8.4,204,21
577,高1,女,156.8,51.1,83.8,21,26,60,43,45,8.8,170,12
578,高1,女,162,62.8,86.6,27,34,63,50,57,8.1,180,21
579,高1,女,157.8,44.3,85.6,29,33,56,48,53,8.3,182,16
580,高1,女,149.7,44.9,79.4,25,36,67,49,55,9.3,165,12
581,高1,女,161,53.2,85.6,31,25,62,52,49,8.4,146,9
582,高1,女,156.2,44.2,82,30,31,65,49,57,8.2,194,22
583,高1,女,156.4,58.2,85.6,27,29,44,46,46,8.2,174,20
584,高1,女,159.5,40,86.1,25,30,57,54,61,7.6,200,16
585,高1,女,149.7,56.5,86.2,23,28,38,45,45,8.6,145,13
586,高1,女,158,45.5,85.8,24,26,44,43,35,9.4,140,9
587,高1,女,158.6,44.5,85.3,24,38,64,54,46,7.9,205,19
588,高2,女,162,50.1,87.6,22,20,42,55,74,8.5,173,19
589,高2,女,158.7,51.1,85.4,26,37,70,55,64,8.4,170,23
590,高2,女,162.2,67.1,86.6,37,20,68,43,37,8.3,190,23
591,高2,女,157,49.3,84.8,28,35,63,56,101,7.5,212,18
592,高2,女,154.5,59.3,85.9,23,24,45,45,38,9.4,168,13
593,高2,女,161.5,52.7,88.1,26,27,52,45,54,9.3,164,13
594,高2,女,149.9,39.8,79.6,18,27,41,35,38,10,158,7
595,高2,女,159.5,43.8,83.6,28,29,45,50,65,8.8,180,14
596,高2,女,165,45.7,88.5,26,28,51,50,71,8.3,216,15
597,高2,女,168.4,57.4,88.6,33,18,58,56,110,8.7,185,21
598,高2,女,152.5,44.1,82.9,24,31,58,54,64,8.3,195,13
599,高2,女,165,57.6,91.6,25,32,46,45,44,8.9,165,15
600,高2,女,155.5,51.7,84.6,31,34,42,49,49,8.4,195,13
601,高2,女,166,50.1,88.3,34,29,55,50,66,8.5,205,20
602,高2,女,153.5,48.2,84,30,30,45,52,64,8.5,187,20
603,高2,女,154.1,45.4,83.1,27,29,49,56,91,7.4,218,17
604,高2,女,160.3,54.9,86.9,30,30,58,50,57,8.5,187,22
605,高2,女,164.5,55.1,86.6,29,27,49,48,44,8.7,176,14
606,高2,女,161,48.6,88.7,20,30,76,53,45,8.8,190,16
607,高2,女,151.8,47.6,82.6,22,31,48,53,63,9,170,11
608,高2,女,162.5,54.2,88.2,28,28,52,53,77,7.7,205,17
609,高2,女,152.3,39.8,80.2,20,24,48,48,48,9.2,155,11
610,高2,女,157,55.2,88.2,28,26,58,47,37,9.6,165,14
611,高2,女,163.2,53.1,91.4,29,21,46,53,55,9.3,195,22
612,高2,女,170,56.5,93.2,31,22,74,48,54,8.7,196,13
613,高2,女,162,55.9,86.5,34,38,60,53,75,6.6,218,16
614,高2,女,159.5,64.6,87.4,34,25,66,53,54,8.5,200,20
615,高2,女,155,49.9,83.9,20,32,44,47,45,9.2,168,13
616,高2,女,155,54,85.7,23,24,35,43,30,9.3,176,10
617,高2,女,160,58.5,86.4,27,27,65,53,83,8.2,200,21
618,高2,女,149.5,42.9,81.6,23,33,42,46,60,9,200,18
619,高2,女,149.6,42.6,81.7,28,34,60,49,98,8.2,190,15
620,高2,女,157.2,54.1,85.9,25,30,50,44,64,8.2,170,20
621,高2,女,141.8,37.7,77.1,23,29,50,43,57,9.1,182,10
622,高2,女,168,51.9,89.1,30,24,53,54,80,7.9,215,15
623,高2,女,157,46.3,84.6,25,25,35,52,89,6.7,220,17
624,高2,女,158,50.9,85.3,20,23,41,40,26,10.4,160,10
625,高2,女,164.5,59.1,89.8,32,35,64,54,54,8.7,186,25
626,高2,女,155.7,49.4,84,30,31,69,48,54,8.4,190,22
627,高2,女,159,46.8,85.2,28,32,72,53,67,7.8,184,21
628,高2,女,165.1,55.1,89.7,26,22,54,48,61,8.1,215,12
629,高2,女,164.2,62.4,89.5,28,29,51,49,65,8.2,165,15
630,高2,女,163.5,48.6,87.9,22,26,70,42,44,8.6,182,16
631,高2,女,152,57,81.9,33,39,60,53,68,8.2,182,13
632,高2,女,165.1,59.8,90.7,28,32,54,45,55,8.9,190,13
633,高2,女,154.5,51,87.4,26,29,54,48,77,8.1,190,23
634,高2,女,151,58.8,88.3,23,22,51,47,35,9.2,161,11
635,高2,女,154,55.1,86.9,29,21,53,50,47,8.9,166,13
636,高2,女,164.3,57.9,88.6,23,29,58,49,88,8.2,170,20
637,高2,女,160.5,53.7,89.2,25,27,43,46,55,8.9,182,26
638,高2,女,160.1,50.8,88.8,32,16,30,46,45,8.4,190,14
639,高2,女,150.1,47,84.5,22,19,55,47,45,9.5,150,18
640,高2,女,163.2,50.3,87.8,21,26,47,48,46,9.2,147,10
641,高2,女,154.5,39.9,81.1,22,25,54,47,35,9.2,159,15
642,高2,女,160,51.1,86,23,26,49,53,73,8.8,190,12
643,高2,女,163.5,48.9,90.5,30,31,63,57,88,7.9,210,29
644,高2,女,159,53.3,86.8,26,26,59,45,56,9.1,161,13
645,高2,女,164.8,55.9,88.5,20,19,33,45,35,9.6,158,11
646,高2,女,157.2,50.5,87.2,26,27,41,49,54,9,162,12
647,高2,女,152.3,44.5,84,25,39,66,51,65,8.2,192,15
648,高2,女,163.1,48.3,86.1,20,32,58,50,55,8.5,172,13
649,高2,女,160.7,60.6,85.6,36,35,60,53,54,8,185,26
650,高2,女,155.5,49.3,84,27,30,48,52,44,8.8,180,18
651,高2,女,165.6,53.6,87.7,35,36,68,61,89,7.9,210,27
652,高2,女,157.2,55,86.3,32,29,44,49,44,9.1,175,15
653,高2,女,151.8,49.6,81.5,26,29,49,53,66,7.9,187,18
654,高2,女,160.5,59.9,87.1,31,28,48,50,77,8.2,181,15
655,高2,女,156,58.1,81.8,32,37,65,51,64,8.2,171,20
656,高2,女,166,59.7,89.3,38,32,64,53,55,8.5,191,18
657,高2,女,157.6,57.1,86,32,34,51,51,65,8.6,170,14
658,高2,女,155.3,49.4,85.6,35,30,54,54,64,7.4,209,18
659,高2,女,166,64,89.5,26,33,64,58,71,8.6,203,21
660,高2,女,154.1,50.3,81.4,25,29,65,54,80,8.5,190,21
661,高2,女,163.1,56.2,84.4,28,32,60,54,59,9.5,184,13
662,高2,女,159,52,89.6,30,31,65,51,47,8.6,144,13
663,高2,女,159.1,48.7,88.3,27,26,55,48,72,8.1,171,18
664,高2,女,159.8,46.3,85.5,27,29,56,48,54,8.1,171,15
665,高2,女,164.5,67.9,93,32,30,66,49,64,8.6,170,18
666,高2,女,158,55.9,85.5,40,34,61,50,76,7.4,193,19
667,高2,女,151.3,45.1,81.3,26,32,63,46,54,9.2,168,15
668,高2,女,151,44.1,82.3,21,30,47,55,50,9.1,160,13
669,高2,女,144,50.3,80.6,25,32,37,48,56,8.5,170,16
670,高2,女,163,57.9,85.3,28,33,59,48,50,8.5,161,20
671,高2,女,159.1,67.1,88.6,28,21,54,43,31,9.3,93,12
672,高2,女,159.6,56.8,88.5,27,27,53,48,54,9.3,156,13
673,高2,女,159.4,47.4,84.9,22,27,53,46,53,8,184,12
674,高2,女,157,48,86,29,31,50,48,62,8.4,185,15
675,高2,女,147.5,47.5,82.2,25,28,49,46,47,9.7,149,10
676,高2,女,169.5,56.6,88.3,26,13,58,41,38,9.4,160,13
677,高2,女,145.9,47.4,77.6,21,31,42,50,55,8.5,168,14
678,高2,女,160,51.7,86.9,31,33,45,54,77,7.6,195,27
679,高2,女,155,47.3,84.8,25,31,52,53,72,8.2,190,25
680,高2,女,163.2,54.9,88.2,29,31,56,53,107,7.9,200,24
681,高2,女,151.8,45.9,83.2,25,32,45,47,72,8.7,179,15
682,高2,女,160.2,61.1,89.4,25,29,55,53,65,9.04,170,20
683,高2,女,169.3,56.9,91.3,30,36,68,53,90,7.5,200,24
684,高2,女,163.5,57.6,87,31,33,56,53,65,8.5,190,17
685,高2,女,158.8,54.7,84.2,28,37,40,53,76,7.6,213,13
686,高2,女,167,60.8,92.9,37,33,42,52,64,8.7,183,13
687,高2,女,156,49.9,83,28,32,71,55,78,8.02,182,20
688,高2,女,150.5,45.2,84.7,20,30,44,42,44,10,150,10
689,高2,女,160.5,48.2,84.7,25,33,65,49,57,8.3,192,17
690,高2,女,167.1,61.8,92.2,38,35,68,55,76,7.6,212,23
691,高2,女,149.6,47.3,82.2,22,33,59,48,44,8.7,185,11
692,高2,女,148.3,50,82.5,27,32,64,51,70,8.6,180,15
693,高2,女,150.3,45.8,77.9,21,32,53,47,38,9.3,160,13
694,高2,女,161,40.8,84.3,17,21,50,43,41,9,165,8
695,高2,女,147.4,51.6,82.9,33,36,44,51,65,8.9,171,18
696,高2,女,158.1,54.3,84.5,31,31,63,48,65,8.6,168,14
697,高2,女,159.6,54.5,87.6,32,33,76,47,78,8.3,190,20
698,高2,女,165.6,54.5,89.9,24,29,59,51,54,8.5,225,15
699,高2,女,163.1,56.3,86,29,33,52,56,104,8,193,19
700,高2,女,157.2,54.3,84.5,33,32,57,51,54,8.2,192,15
701,高2,女,154,56.6,84.6,27,34,74,54,88,7.7,210,29
702,高2,女,146.2,45.6,78.8,27,35,42,47,58,8.7,158,11
703,高2,女,155.7,52.6,82.8,33,36,52,50,63,8.1,190,22
704,高2,女,159.2,51,84.5,23,33,65,52,67,8.3,197,18
705,高2,女,147.7,47.7,82.6,23,30,47,45,54,9.1,190,13
706,高2,女,159,49.3,87.5,28,30,50,43,48,9.4,179,13
707,高2,女,148.9,44.1,79.1,19,35,44,45,41,9.4,171,11
708,高2,女,161.6,54.1,88.6,25,34,45,45,50,9.2,165,11
709,高2,女,159.7,54.3,83.4,27,36,49,49,64,8.2,165,16
710,高2,女,151.2,52,83.6,29,25,65,53,79,8.1,190,25
711,高2,女,166,54.7,86.2,28,34,66,51,65,7.6,220,18
712,高2,女,154.8,51.9,82.4,23,28,57,47,56,10.3,165,19
713,高2,女,152,43.8,79.7,24,32,67,54,102,8.2,197,21
714,高2,女,153,58.2,83.2,29,23,55,48,49,8.9,165,18
715,高2,女,147.4,41.2,81.6,25,34,35,48,65,7.7,180,13
716,高2,女,159.2,54.5,88.6,29,24,50,47,54,8.7,172,21
717,高2,女,156.5,47.7,80,29,24,55,53,77,8,190,13
718,高2,女,165.6,51.5,89.1,29,33,61,53,71,8,203,20
719,高2,女,163,52.1,87.2,28,31,46,48,45,8.6,179,19
720,高2,女,151.5,45.9,84.2,21,26,64,51,53,9.3,190,16
721,高2,女,157,51.1,83.7,31,31,48,52,65,8.4,189,19
722,高2,女,161,52,83.9,28,29,50,52,71,8.5,170,14
723,高2,女,144,44,79.2,25,31,53,48,71,8.3,193,17
724,高2,女,155.5,55.8,84.4,29,32,62,49,71,7.7,203,22
725,高2,女,151.5,47,80.6,28,24,43,45,42,8.6,152,12
726,高2,女,158.6,53.8,86,29,36,53,53,89,7,230,17
727,高2,女,155,63.6,84.5,38,34,61,47,55,8.9,200,23
728,高2,女,145.5,55.3,81.2,20,22,41,41,35,10,111,13
729,高2,女,146.5,45.2,83.3,30,31,48,52,73,8,175,16
730,高2,女,164.6,51.6,91.3,28,30,53,50,69,8.7,159,15
731,高2,女,158.3,67.3,87.5,27,21,56,45,40,10.1,127,10
732,高2,女,150.8,43,83.6,21,21,48,40,43,9.3,150,9
733,高2,女,158.5,50.2,82.3,32,30,60,49,56,8.1,185,20
734,高2,女,167.2,64,85.7,32,31,56,53,92,8.5,173,18
735,高2,女,159.3,60.2,86,32,33,68,49,55,9,190,20
736,高2,女,158.6,52.3,87.6,30,35,50,54,30,8.2,180,21
737,高2,女,158.9,52.4,86.6,25,30,58,53,56,8.5,195,19
738,高2,女,157.2,46,84.5,28,25,42,51,51,9.6,160,11
739,高2,女,162.1,50.5,85.5,23,27,39,43,41,10.2,139,11
740,高2,女,156.5,54.9,87.4,35,33,69,54,81,7.6,202,21
741,高2,女,153.5,59.1,82.8,38,22,51,40,44,9.4,141,11
742,高2,女,156,47.5,82.7,25,34,51,51,76,7.6,192,14
743,高2,女,160.2,54.6,85.5,28,26,45,46,57,9.5,200,15
744,高2,女,159.2,64.2,84,35,34,68,54,74,8.01,198,14
745,高2,女,159.5,46.8,80.5,19,31,29,53,70,8.3,200,24
746,高2,女,164.3,50.4,88.6,36,44,74,60,91,7.7,225,26
747,高2,女,160.4,70.2,88.3,34,33,53,51,44,8.8,210,17
748,高2,女,156.6,46.6,84.1,28,32,58,52,56,9.1,165,13
749,高2,女,150,50,81.9,38,36,51,53,54,8.5,190,17
750,高2,女,161.1,82.3,86.9,27,28,47,50,37,10.5,171,16
751,高2,女,161.2,59.2,89.1,37,24,46,46,56,8.8,156,17
752,高2,女,157.1,66.6,83.6,33,30,43,53,64,8.4,172,24
753,高2,女,172,61.6,96.2,36,29,45,53,64,7.8,184,13
754,高2,女,150,48,80.2,28,32,40,46,63,9.4,158,13
755,高2,女,158.5,39.9,85.7,19,20,59,50,39,9.4,165,11
756,高2,女,161.8,52.5,86.3,25,25,47,49,44,9.1,179,13
757,高3,女,159,50.1,86,37,31,64,64,101,7.5,217,26
758,高3,女,161.3,57.9,87.6,36,35,70,53,83,8.1,224,24
759,高3,女,156.5,44.2,86.5,23,22,61,51,35,9.1,168,14
760,高3,女,153.2,54.2,83.4,24,35,59,54,100,8,210,20
761,高3,女,158,53.8,86.5,26,33,60,36,64,9.2,190,14
762,高3,女,165.2,54.6,90.4,29,26,65,43,55,8.9,191,15
763,高3,女,155.2,52.8,84.2,30,36,65,49,55,8.3,210,17
764,高3,女,152.3,46.1,83.8,27,35,59,50,56,8.6,205,18
765,高3,女,158.7,50.4,81.8,26,26,49,45,64,8.6,200,13
766,高3,女,157.1,45.1,85.9,23,26,63,43,43,8.7,165,18
767,高3,女,152,54.6,80.9,24,38,50,53,77,7.7,205,26
768,高3,女,146.1,55.8,83.3,30,30,61,46,37,9.8,158,11
769,高3,女,158.7,57.7,89.5,30,35,65,45,46,9.8,160,16
770,高3,女,154,45.7,82.3,32,32,63,53,65,8.1,230,16
771,高3,女,158.1,52.9,84,21,24,37,52,36,9,183,15
772,高3,女,148.6,49.4,81.5,24,34,53,43,45,9.8,165,11
773,高3,女,156.7,57,85.2,32,37,76,53,56,8.9,168,18
774,高3,女,160.5,57.4,85.5,25,33,68,53,62,7.9,200,16
775,高3,女,153.7,62.4,86.9,23,24,48,44,36,9.6,167,12
776,高3,女,158.7,55.5,88.3,26,24,72,46,55,8.5,195,12
777,高3,女,156.6,50.6,87.3,34,30,59,49,89,7.8,205,15
778,高3,女,150.3,40.9,81,18,31,41,41,36,9.8,137,14
779,高3,女,156,45.8,84,28,34,57,47,36,9.3,185,17
780,高3,女,157.5,43.2,86.8,25,22,42,45,55,9.1,160,12
781,高3,女,149,45.3,82.1,23,30,49,47,48,8.3,174,12
782,高3,女,158,58,85.7,29,28,52,52,65,8,211,25
783,高3,女,156,46,82.3,18,21,54,48,57,8.9,150,11
784,高3,女,156.7,47.2,85.8,31,26,66,48,71,8.3,210,16
785,高3,女,156,55.7,88.1,31,28,49,45,54,8.4,191,15
786,高3,女,147,49.6,81,30,33,60,52,56,8.3,182,21
787,高3,女,156.1,48.3,86.5,31,31,66,51,65,8.6,180,17
788,高3,女,160,62.1,83.5,28,23,68,41,27,10,181,12
789,高3,女,159,61,86.7,30,33,58,50,52,8.4,183,18
790,高3,女,153.5,49.9,81,28,23,57,48,52,8.9,190,14
791,高3,女,155.5,50.7,84.7,26,17,37,43,44,9.7,183,14
792,高3,女,158.5,45.8,86.2,26,28,37,48,44,9.8,168,14
793,高3,女,158.3,52.1,84.1,25,33,63,55,78,8.6,180,20
794,高3,女,159.5,52.2,87.1,25,17,52,42,36,9.8,170,13
795,高3,女,160.2,53.5,83.5,30,19,52,43,35,9.1,180,13
796,高3,女,153.6,65.9,85.6,29,25,65,46,48,9.2,150,19
797,高3,女,155.2,46.1,84.7,23,19,42,41,39,9.7,160,9
798,高3,女,157.6,57.8,87.1,24,27,56,50,61,9.3,161,19
799,高3,女,152.3,45.1,79.2,25,34,51,53,80,7.9,170,22
800,高3,女,160.7,53,85.4,24,33,50,50,64,8.2,200,20
801,高3,女,157,46.1,87,25,32,58,53,57,9.1,200,20
802,高3,女,153.1,46.6,80,29,33,60,51,91,7.4,203,21
803,高3,女,154.7,43.4,83.9,23,32,67,52,56,8.5,185,16
804,高3,女,164.5,52.1,87.6,29,39,58,56,89,7.9,190,20
805,高3,女,150.1,46.9,82.4,22,29,56,52,45,9.7,163,14
806,高3,女,153.2,48.2,84,29,20,45,43,41,9.5,160,10
807,高3,女,152.5,47.4,81.4,20,17,58,39,44,8.9,180,12
808,高3,女,156.4,49,87,25,25,55,46,50,9.6,170,15
809,高3,女,161,52.7,85.8,23,37,54,37,65,8.2,100,20
810,高3,女,160,42.3,86.5,29,28,75,53,69,8.2,181,12
811,高3,女,159.3,54.7,85,28,31,50,45,56,8.5,165,13
812,高3,女,159.8,45.5,85.4,26,21,55,53,54,8.6,152,13
813,高3,女,156.5,39.7,84.4,18,32,63,45,48,9.3,175,11
814,高3,女,164.5,56.5,91.3,26,25,56,50,44,8.5,190,10
815,高3,女,150.5,49.8,80.8,33,29,52,41,36,9.7,148,13
816,高3,女,161.8,62.5,88.9,28,30,53,49,54,8.7,186,13
817,高3,女,159.8,49.4,86,27,32,56,55,65,8.2,190,16
818,高3,女,164.6,60.2,87.7,28,29,53,52,43,9.1,165,18
819,高3,女,147,56.4,82.2,25,23,58,39,36,10.6,145,9
820,高3,女,155.2,48.7,86.2,22,25,45,42,35,9.99,160,10
821,高3,女,154.5,57.8,85.7,30,27,70,53,55,8.2,185,18
822,高3,女,157,56.5,82.8,28,34,43,53,58,8.1,212,17
823,高3,女,159.2,51.2,86.8,33,37,65,53,97,8.1,198,18
824,高3,女,158.8,54,85.6,25,36,50,43,55,8.7,180,14
825,高3,女,151,49.9,79.1,24,33,40,49,45,9.3,151,11
826,高3,女,159.3,58.1,87.4,28,27,42,48,46,8.8,171,15
827,高3,女,154.8,52.9,85.7,32,33,66,55,64,8.2,205,23
828,高3,女,163.6,52,86.9,33,36,56,57,71,7.5,210,20
829,高3,女,166.3,62.7,89,36,34,63,55,97,7.4,235,22
830,高3,女,146.5,46,82,27,32,64,56,54,8.8,185,21
831,高3,女,157.2,43.2,84.3,24,34,54,53,77,7.7,193,16
832,高3,女,161,62.1,86.3,30,30,60,54,60,8.4,195,21
833,高3,女,159.6,51,87.2,30,33,51,50,55,8.1,190,19
834,高3,女,163.1,55,87.6,26,28,50,50,61,8.9,200,12
835,高3,女,164.8,51.9,89.7,27,27,61,51,66,8.6,208,13
836,高3,女,149.5,48.1,81.2,25,29,58,46,55,8.8,180,12
837,高3,女,151,47.7,81.8,26,33,58,45,46,9.5,180,12
838,高3,女,154.5,47.1,84.3,28,27,41,45,44,8.7,200,14
839,高3,女,160,48,89.1,25,31,55,53,65,7.6,215,23
840,高3,女,152.5,52.3,85.5,26,31,48,43,61,8.4,146,12
841,高3,女,165.5,58.4,87.5,31,36,65,49,91,7.9,197,22
842,高3,女,161.3,50.8,87.5,23,30,68,50,44,8.7,185,13
843,高3,女,154.5,46.7,82.1,26,34,45,55,46,9.2,165,14
844,高3,女,166.6,62.7,93.7,27,42,65,57,98,7.3,219,23
845,高3,女,147.7,46.8,79.1,24,31,51,51,61,8.9,168,17
846,高3,女,154.5,48.6,81.1,28,31,63,51,69,8.4,179,16
847,高3,女,151.7,47.1,84.6,25,28,50,51,57,8.5,188,14
848,高3,女,156.5,60.4,87.2,29,34,67,55,64,8.2,185,20
849,高3,女,161,62,90.4,24,25,59,46,47,9.3,184,15
850,高3,女,161.5,78.1,87.6,34,33,47,50,44,9,181,22
851,高3,女,159.5,43.5,85.8,25,33,58,51,57,8.5,210,16
852,高3,女,157.2,63,87.1,22,21,62,42,37,10.7,150,10
853,高3,女,151.3,52.7,81.2,24,20,57,47,46,9.5,160,10
854,高3,女,149.9,45.3,82.1,27,40,50,54,78,8.3,193,19
855,高3,女,153.8,61.4,83.2,31,36,59,52,64,8.4,199,24
856,高3,女,154.3,47.1,82.2,27,31,55,55,82,7.8,195,25
857,高3,女,151,53.4,83.2,35,30,51,49,55,8.6,204,19
858,高3,女,152.2,48.2,85.3,30,29,53,53,66,8.2,180,19
859,高3,女,154.5,48,86.8,20,25,51,47,65,8.1,170,18
860,高3,女,158.4,51.7,86.9,28,21,50,46,37,8.9,183,14
861,高3,女,162.1,46.2,87,22,34,65,52,68,7.8,210,18
862,高3,女,158.6,50.3,86.8,35,35,59,49,79,8.1,215,25
863,高3,女,157.5,51.3,85.9,28,32,55,51,66,7.5,186,17
864,高3,女,162.5,52.4,87.4,30,29,63,50,56,8.1,217,15
865,高3,女,155.6,51.4,84.9,24,32,55,44,57,8,170,15
866,高3,女,165.6,57.5,87.7,34,27,38,51,78,8,235,21
867,高3,女,147.5,45,82.2,24,28,64,50,64,9.1,196,17
868,高3,女,156,46.7,85.6,27,20,45,34,36,8.6,165,10
869,高3,女,156.8,49.8,83,26,25,49,41,54,8.7,184,12
870,高3,女,142.8,49,75.5,20,26,49,45,41,9,178,13
871,高3,女,159.2,41.7,81.5,28,29,66,53,84,8.2,200,21
872,高3,女,159.5,61.4,87.5,28,23,45,48,35,8.5,188,14
873,高3,女,156.7,58,84.3,28,31,49,48,54,9,177,14
874,高3,女,166,70.4,91.8,33,28,51,51,65,8.3,184,28
875,高3,女,162.8,53,90.3,28,27,47,53,65,7.4,193,26
876,高3,女,165,56.3,89.2,25,31,66,47,53,9.1,202,18
877,高3,女,163.7,61.7,87.4,27,31,68,53,77,8.4,205,21
878,高3,女,157.6,44.3,85.8,29,26,63,47,52,9,180,13
879,高3,女,161.8,45.6,89.6,25,29,38,47,45,8.9,155,9
880,高3,女,160,41.9,87.3,24,32,48,53,73,7.8,197,24
881,高3,女,162,51.5,84.6,22,32,59,53,64,9,179,16
882,高3,女,164.6,64.9,89.4,30,35,67,46,64,7.8,210,22
883,高3,女,157.6,52.2,85.5,26,19,45,44,55,9.3,178,16
884,高3,女,154.5,43.5,81.6,28,38,54,51,102,8.1,195,13
885,高3,女,155,45.8,80.4,21,40,55,53,84,8.1,210,19
886,高3,女,157,52.4,84.8,24,35,56,49,46,8.5,210,16
887,高3,女,150.6,58.8,83.9,21,30,50,46,46,8.9,192,14
888,高3,女,164,50.5,88.6,30,29,58,53,54,8,196,22
889,高3,女,155.2,54.3,83,24,20,59,48,35,9.2,145,10
890,高3,女,157.9,45.8,86.8,23,26,64,48,64,8.6,185,19
891,高3,女,165.6,55.8,88.4,26,33,52,45,55,9.2,195,11
892,高3,女,157.7,56,81.1,23,24,50,50,36,8.7,180,16
893,高3,女,155.9,50.5,84.8,27,34,65,51,93,7.6,218,12
894,高3,女,164,53,89.6,25,28,66,50,64,8.3,208,18
895,高3,女,153.7,52.9,84.7,33,37,49,53,62,8.7,195,15
896,高3,女,160.2,50,85,24,21,59,47,55,8.7,178,13
897,高3,女,157.5,53.4,82.5,30,33,46,53,64,8.9,179,17
898,高3,女,151,48.4,80.6,27,34,64,53,77,7.9,165,16
899,高3,女,161,52.6,86.4,32,37,57,53,55,7.9,217,19
900,高3,女,161.2,50.1,88.5,28,27,52,47,54,9.4,195,12
901,高3,女,152,51.6,80.4,29,29,38,49,66,8.2,180,19
902,高3,女,159.1,75.5,88.9,29,20,46,39,22,9.4,129,11
903,高3,女,162.6,61.7,89.8,31,29,56,46,45,8.7,190,15
904,高3,女,160.5,58.6,90.8,24,29,61,44,42,9.4,165,12
905,高3,女,157.7,49,82.5,37,33,57,50,27,8.2,220,16
906,高3,女,165,55.3,89.2,25,21,55,42,37,10.4,138,11
907,高3,女,167,50.3,91.7,23,25,55,51,62,8.4,190,12
908,高3,女,151.8,44.1,86.2,24,29,62,51,49,9.3,167,18
909,高3,女,161.4,59.3,86,22,41,57,53,84,8.6,195,26
910,高3,女,160.8,51.9,89,26,41,63,52,55,8,193,20
911,高3,女,149.6,40.2,82.8,20,27,45,49,38,9.2,163,11
912,高3,女,167.5,58.5,90,26,38,63,56,99,7.5,218,23
913,高3,女,155,49.8,84.8,30,29,64,51,55,8.6,183,16
914,高3,女,161.2,52.4,84.2,26,31,64,51,93,8.1,192,17
915,高3,女,161.1,55.4,87,28,35,31,47,46,8.4,206,20
916,高3,女,162.2,56.2,83.4,32,35,57,55,90,7.6,217,22
917,高3,女,162.5,58.2,87.4,31,32,44,53,60,7.9,200,18
918,高3,女,151,55.2,82.8,27,31,59,51,70,8.2,180,18
919,高3,女,166.8,64.2,86.9,30,33,67,53,45,9.4,204,18
920,高3,女,157.5,53.8,85,28,32,63,53,54,8.8,190,17
921,高3,女,166.3,51.2,85.1,34,29,55,53,72,7.6,218,15
922,高3,女,157.2,51.2,85.7,32,27,64,48,55,8.8,189,10
923,高3,女,165,62.7,87.5,23,29,54,47,37,9.5,163,17
924,高3,女,158,55.2,85.8,27,33,56,54,76,8.2,197,25
925,高3,女,148.9,48.9,82.3,28,25,46,49,52,9,171,14
926,高3,女,145.5,43.3,80.2,23,37,57,52,88,8.6,185,21
927,高3,女,157,53.1,84.5,30,30,61,48,69,8.3,209,16
928,高3,女,146,47.5,79.8,26,30,57,45,54,8.9,180,13
929,高3,女,167.6,52.3,88.8,30,31,47,50,55,7.9,230,24
930,高3,女,157.6,50.2,85.7,26,28,54,47,64,8.3,212,13
931,高3,女,153.2,53.8,86.2,28,33,64,45,73,9,171,12
932,高3,女,160.1,48.2,87.2,31,29,55,53,50,7.7,210,21
933,高3,女,164.1,55.3,88.9,28,33,54,54,73,8.5,210,26
934,高3,女,147,47.5,81,22,29,46,49,51,9.3,175,14
935,高3,女,151.5,52.7,80.4,26,32,55,48,66,8.2,210,18